Workbook
Name ESITO: #REF!
Name Slicer_Mese: #N/A
Name Slicer_Provincia: #N/A
Name Slicer_Servizio: #N/A

Sheet Lifestyle Bonus Statali
A1: # Scontrino | B1: Provincia | C1: Mese | D1: Importo Scontrino | E1: Servizio | F1: Città | G1: Importo
A2: 22 | B2: Fermo | C2: settembre | D2: 2.64 | E2: ISEE | F2: =VLOOKUP(Table4[[#This Row],[Provincia]],Città!$A$2:$B$6,2,FALSE) -> Fermo | G2: =IF(D2>63.91,"Alto","Basso") -> Basso
A3: 7 | B3: Fermo | C3: marzo | D3: 10.3 | E3: Bonus Elettrico | F3: =VLOOKUP(Table4[[#This Row],[Provincia]],Città!$A$2:$B$6,2,FALSE) -> Fermo | G3: =IF(D3>63.91,"Alto","Basso") -> Basso
A4: 13 | B4: Fermo | C4: aprile | D4: 12 | E4: RdC | F4: =VLOOKUP(Table4[[#This Row],[Provincia]],Città!$A$2:$B$6,2,FALSE) -> Fermo | G4: =IF(D4>63.91,"Alto","Basso") -> Basso
A5: 8 | B5: Fermo | C5: aprile | D5: 14.03 | E5: ISEE | F5: =VLOOKUP(Table4[[#This Row],[Provincia]],Città!$A$2:$B$6,2,FALSE) -> Fermo | G5: =IF(D5>63.91,"Alto","Basso") -> Basso
A6: 15 | B6: Fermo | C6: maggio | D6: 23.31 | E6: ISEE | F6: =VLOOKUP(Table4[[#This Row],[Provincia]],Città!$A$2:$B$6,2,FALSE) -> Fermo | G6: =IF(D6>63.91,"Alto","Basso") -> Basso
A7: 6 | B7: Fermo | C7: marzo | D7: 31.11 | E7: RdC | F7: =VLOOKUP(Table4[[#This Row],[Provincia]],Città!$A$2:$B$6,2,FALSE) -> Fermo | G7: =IF(D7>63.91,"Alto","Basso") -> Basso
A8: 4 | B8: Fermo | C8: febbraio | D8: 32.15 | E8: Bonus Idrico | F8: =VLOOKUP(Table4[[#This Row],[Provincia]],Città!$A$2:$B$6,2,FALSE) -> Fermo | G8: =IF(D8>63.91,"Alto","Basso") -> Basso
A9: 17 | B9: Ancona | C9: giugno | D9: 35.13 | E9: Bonus Gas | F9: =VLOOKUP(Table4[[#This Row],[Provincia]],Città!$A$2:$B$6,2,FALSE) -> Ancona | G9: =IF(D9>63.91,"Alto","Basso") -> Basso
A10: 19 | B10: Fermo | C10: luglio | D10: 35.71 | E10: ISEE | F10: =VLOOKUP(Table4[[#This Row],[Provincia]],Città!$A$2:$B$6,2,FALSE) -> Fermo | G10: =IF(D10>63.91,"Alto","Basso") -> Basso
A11: 2 | B11: Fermo | C11: gennaio | D11: 38.04 | E11: Bonus Gas | F11: =VLOOKUP(Table4[[#This Row],[Provincia]],Città!$A$2:$B$6,2,FALSE) -> Fermo | G11: =IF(D11>63.91,"Alto","Basso") -> Basso
A12: 9 | B12: Fermo | C12: aprile | D12: 47.7 | E12: Bonus Gas | F12: =VLOOKUP(Table4[[#This Row],[Provincia]],Città!$A$2:$B$6,2,FALSE) -> Fermo | G12: =IF(D12>63.91,"Alto","Basso") -> Basso
A13: 18 | B13: Ancona | C13: giugno | D13: 52.16 | E13: Bonus Idrico | F13: =VLOOKUP(Table4[[#This Row],[Provincia]],Città!$A$2:$B$6,2,FALSE) -> Ancona | G13: =IF(D13>63.91,"Alto","Basso") -> Basso
... A26: 3 | B26: Fermo | C26: gennaio | D26: 140.7 | E26: RdC | F26: =VLOOKUP(Table4[[#This Row],[Provincia]],Città!$A$2:$B$6,2,FALSE) -> Fermo | G26: =IF(D26>63.91,"Alto","Basso") -> Alto

Sheet Città
A1: Provincia | B1: città
A2: Ancona | B2: Ancona
A3: Ascoli Piceno | B3: Ascoli
A4: Fermo | B4: Fermo
A5: Pesaro-Urbino | B5: Pesaro
A6: Macerata | B6: Macerata

Sheet Domande
A1: Domanda | B1: Risposta
A2: Come si chiama questo foglio? | B2: LIFESTYLE STARTUP BONUS STATALI
A3: Qual è una qualunque colonna non vuota in questo foglio? | B3: COLONNA H
A4: Qual è una qualunque riga non vuota in questo foglio? | B4: RIGA 4
A5: Qual è una qualunque cella non vuota in questo foglio? | B5: CELLA H5
A6: Qual è il totale delle vendite per l'intero anno? (usa una funzione per stabilirlo) | B6: =SUM('Lifestyle Bonus Statali'!D2:D26) -> 1597.65
A7: Qual è il totale delle vendite per il mese di giugno? (anche qui usa una funzione) | B7: =SUMIF('Lifestyle Bonus Statali'!C2:C26,"giugno",'Lifestyle Bonus Statali'!D2:D26) -> 179.77
A8: Ordina le righe in ordine dall’importo più alto al più basso. Qual è la provincia alla riga 15? | B8: ANCONA
A9: Usa la formattazione condizionale ed evidenzia tutti i valori maggiori di 100 nella colonna degli importi. | B9: ✅
A10: Quanti sono i valori evidenziati? | B10: =COUNTIF('Lifestyle Bonus Statali'!D2:D26,">100") -> 6
A11: Quante vendite sono state fatte a Ascoli Piceno? (numero delle vendite) (usa una funzione) | B11: =COUNTIF('Lifestyle Bonus Statali'!B2:B26,"ascoli piceno") -> 1
A12: Quante vendite sono state fatte a Fermo ad aprile? (numero delle vendite) (usa una formula simile ma un po’ più complessa) | B12: =COUNTIFS('Lifestyle Bonus Statali'!B2:B26,"fermo",'Lifestyle Bonus Statali'!C2:C26,"aprile") -> 6
A13: Qual è la somma totale del servizio Bonus Gas venduto ad Aprile? | B13: =SUMIFS('Lifestyle Bonus Statali'!D2:D26,'Lifestyle Bonus Statali'!C2:C26,"aprile",'Lifestyle Bonus Statali'!E2:E26,"bonus gas") -> 100.8
A14: Qual è l'importo medio di uno scontrino? (usa una funzione per calcolarlo) | B14: =AVERAGE('Lifestyle Bonus Statali'!D2:D26) -> 63.906
A15: Qual è l'importo medio di uno scontrino se consideriamo soltanto gli scontrini maggiori di €20? (puoi arrotondare il risultato a due cifre decimali) | B15: =AVERAGEIF('Lifestyle Bonus Statali'!D2:D26,">20") -> 74.222857
A16: Qual è l'importo medio di uno scontrino se consideriamo soltanto gli scontrini minori di €106? Puoi arrotondare il risultato a due cifre decimali. | B16: =AVERAGEIF('Lifestyle Bonus Statali'!D2:D26,"<106") -> 44.551053
A17: Come vedrai, la colonna Città è vuota. Abbiamo però aggiunto i dati relativi alle città nel secondo foglio. Usa una funzione per popolare la colonna Città con i dati provenienti dal secondo foglio. | B17: ✅
A18: Aggiungi una colonna a destra di Città e chiamala Importo. Aggiungi poi una funzione che ci dia un risultato per ogni riga così che ogni importo maggiore di €63,91 ci restituisca il valore “Alto”, e ciascun importo minore di questa cifra ci restituisca il valore “Basso”. | B18: ✅
A19: Crea una Tabella Pivot ed aggiungila in un terzo foglio. Aggiungi i mesi nelle righe, i reparti nelle colonne e l’importo scontrino nei valori. Qual è il servizio che ha avuto più vendite? (lascia la tabella qui così saremo in grado di vederla) | B19: BONUS IDRICO
A20: Inserisci un grafico (quello che riteni più adatto) per visualizzare le vendite su base mensile | B20: ✅
A21: Guardando il grafico, sai dire durante quale mese ci sono state più vendite? | B21: APRILE

Sheet Pivot
A1: IMPORTI MENSILI | B1: Column Labels | I1: >>> | J1: Row Labels | K1: Sum of Importo Scontrino | L1: <<<
A2: Row Labels | B2: Bonus Elettrico | C2: Bonus Gas | D2: Bonus Idrico | E2: ISEE | F2: RdC | G2: Grand Total | J2: Bonus Elettrico | K2: 315.99
A3: gennaio | C3: 38.04 | E3: 110.15 | F3: 140.7 | G3: 288.89 | J3: Bonus Gas | K3: 173.97
A4: febbraio | B4: 52.47 | D4: 32.15 | G4: 84.62 | J4: Bonus Idrico | K4: 439.53
A5: marzo | B5: 10.3 | F5: 31.11 | G5: 41.41 | J5: ISEE | K5: 252.82
A6: aprile | C6: 100.8 | D6: 108 | E6: 14.03 | F6: 104.42 | G6: 327.25 | J6: RdC | K6: 415.34
A7: maggio | B7: 140.12 | E7: 23.31 | G7: 163.43 | J7: Grand Total | K7: 1597.65
A8: giugno | C8: 35.13 | D8: 144.64 | G8: 179.77
A9: luglio | E9: 35.71 | G9: 35.71
A10: agosto | B10: 113.1 | D10: 55.1 | G10: 168.2
A11: settembre | D11: 99.64 | E11: 2.64 | G11: 102.28
A12: novembre | E12: 66.98 | G12: 66.98
A13: dicembre | F13: 139.11 | G13: 139.11
A14: Grand Total | B14: 315.99 | C14: 173.97 | D14: 439.53 | E14: 252.82 | F14: 415.34 | G14: 1597.65

Sheet Grafici
